"name","lastname"
"hajer","bahouri"
"louis","funar"
"vincent","lafforgue"
"eric","urban"
"wei-min","wang"
"eric","jaligot"
"tanguy","rivoal"
"charles","favre"
"bassam","fayad"
"olivier","schiffmann"
"serge","cantat"
"harald andres","helfgott"
"alexandru","oancea"
"ion","nechita"
"emmanuel","schenck"
"nicolas","raymond"
"quentin","merigot"
"guoshen","yu"
"guillaume","chapuy"
"adam","larat"
"ludovic","goudenege"
"mikael","de la salle"
"julien","grivaux"
"danela oana","ivanovici"
"hubert","lacoin"
"carlos","matheus silva santos"
"evelyne","miot"
"vincent","pilloni"
"pierre","py"
"amandine","veber"
"fanny","kassel"
"ludovic","goudenege"
"benjamin","schraen"
"marie","theret"
"gabriel","riviere"
"pierre","neuvial"
"gleb","oshanin"
"boris","pioline"
"kay","wiese"
"dmitri","semikoz"
"mokhtar","adda-bedia"
"cecile","monthus"
"christos","charmousis"
"bertrand","georgeot"
"karim","benakli"
"alexandros","alexakis"
"adam","falkowski"
"sébastien","dusuel"
"alessandro","nagar"
"jean philippe","lansberg"
"adam","falkowski"
"christopher","smith"
"eugeny","babichev"
"guillaume","bossard"
"michel","ferrero"
"zdeborova","lenka"
"mikhail","zvonarev"
"michele","frigerio"
"michele","liguori"
"raphael","chetrite"
"karol","kozlowski"
"jan","manschot"
"andrea","giuliani"
"fadi","ibrahim"
"arnaud","lucotte"
"piera luisa","ghia"
"didier","lacour"
"philippe","dessagne"
"laurent","vacavant"
"christelle","roy"
"stephane","plaszczynski"
"anne","lefebvre-schuhl"
"denis","gele"
"amina","zghiche"
"nadine","redon"
"dominique","fouchez"
"annick","billebaud"
"olivier","leroy"
"philippe","crochet"
"amel","korichi"
"cvetan","cheshkov"
"stephen","fegan"
"stephanie","beauceron"
"sebastien","greder"
"bruny","baret"
"jean philippe","lansberg"
"daniel","jeans"
"davide","franco"
"justine","serrano"
"jeremy","andrea"
"samuel","calvet"
"marie helene","genest"
"luis alejandro","perez perez"
"jeremie","lellouch"
"maxime","gouzevitch"
"teresa","kurtukian nieto"
"radomira","lozeva"
"kamila","sieja"
"catherine","silvestre tello"
"diego","stocco"
"nicolas","busca"
"armand","fiasson"
"damien","dornic"
"andrea","catalano"
"antje","putze"
"antoine","petiteau"
"davide","franco"
"luca","scotto lavina"
"nicolas","delerue"
"pierre","lemonde"
"stefan","huller"
"pierre","gilliot"
"marie-claire","schanne-klein"
"julien","fuchs"
"amanda","ross"
"laurent","guillemot"
"beatrice","chatel"
"sylvain","picaud"
"patrick","martin"
"richard","taieb"
"hermann","rothard"
"lorenzo","romagnani"
"masudul","haque"
"patrick","cheinet"
"alicja","domaracka"
"luke","mac aleese"
"félix","werner"
"fabrice","catoire"
"alberto","amo garcia"
"lenaic","couedel"
"aurélien","perrin"
"pierre","bejot"
"lilian","joly"
"bruno","grandidier"
"eric","dooryhee"
"claire","levelut"
"etienne","barthel"
"jean christophe","geminard"
"bernard","bonello"
"christine","boeglin"
"denis","morineau"
"michel","mitov"
"vincent","fleury"
"matteo","calandra buonaura"
"paola","atkinson"
"valentina","giordano"
"martien","den hertog"
"nicolas","minc"
"amelie","juhin"
"julien","tailleur"
"pina","romaniello"
"maxime","clusel"
"benjamin","abecassis"
"luca","ortolani"
"stéphanie","leclerc"
"michael","jublot"
"julien","scheibert"
"sylvain","queyreau"
"catherine","gourdon"
"daniel","bourgault"
"béatrice","gillon-petitgrand"
"nicolas","dupuis"
"régis","andre"
"christopher","bauerle"
"vincent","cros"
"christine","mottet"
"ricardo","lobo"
"georges","bouzerar"
"hans-christian","weissker"
"robert steven","whitney"
"kamel","ait-mansour"
"grégory","malinowski"
"marion","cranney"
"michele","casula"
"florence","levy"
"christophe","brun"
"keshav","dani"
"bjorn","maes"
"anne","bernand-mantel"
"emmanuel","rousseau"
"alexandre","pourret"
"nicolas","biziere"
"benjamin","sacepe"
"lorenzo","de leo"
"hélène","le sueur"
"patricia","bouyer-decitre"
"véronique","cortier"
"frederic","dufaux"
"julia","kempe"
"oded","regev"
"christoph","durr"
"pierrick","gaudry"
"didier","henrion"
"ralf","klasing"
"khalil","drira"
"yves","grandvalet"
"sébastien","konieczny"
"stéphane","perennes"
"myriam","preissmann"
"nicolas","schabanel"
"walid","hachem"
"gilles","sassatelli"
"nathalie","aussenac-gilles"
"henri","casanova"
"pierre","lopez"
"bruno","raffin"
"spyridon","angelopoulos"
"reza","naserasr"
"jorge","solis-alfaro"
"gennaro","parlato"
"jean martial","mari"
"adrian","kosowski"
"meghyn","bienvenu"
"alexis","saurin"
"guillaume","chapuy"
"emmanuel","hebrard"
"ignasi","sau"
"antoine","bordes"
"mathilde","bouvel"
"lukasz","kaiser"
"konstantinos","chatzikokolakis"
"filippo","bonchi"
"binh minh","bui-xuan"
"shantanu","das"
"giorgos","christodoulou"
"ina maria maaike","verloop"
"corentin","travers"
"christine","tasson"
"xavier","provencal"
"christopher","mei"
"nicolas","papadakis"
"romain","postoyan"
"guoshen","yu"
"reine","talj"
"kai","wang"
"nancy","bertin"
"thomas","hueber"
"julien","tierny"
"mirko","fiacchini"
"abdourrahmane mahamane","atto"
"aurélie","bugeau"
"pierrick","coupe"
"hui","xie"
"pierre","guillon"
"francesco","rossi"
"jacqueline","bloch"
"jumana","boussey-said"
"georges","landa"
"frédéric","richardeau"
"christian","seassal"
"thierry","baron"
"raffaele","colombelli"
"carole","rossi"
"yvon","cordier"
"fetah","benabid"
"philippe","leveque"
"frederic","wurtz"
"nicolas","passilly"
"farid","medjdoub"
"alessandro","cresti"
"nicolas","izard"
"damien","querlioz"
"guillaume","baffou"
"sarinn david","pech"
"jean christophe","galas"
"magalie","faivre"
"maher","soueidan"
"martin","foldyna"
"nicolas","izard"
"gilgueng","hwang"
"mauro","ettorre"
"vincent","raimbault"
"zhuoying","chen"
"daria","gusakova"
"anne","chauvet"
"thierry","kociniewski"
"maxim","zhadobov"
"anne","hemeryck"
"marco","barbieri"
"thomas","fix"
"jean","le besnerais"
"pippo","fulano"
"michel","destrade"
"stéphane","pagano"
"pierrick","lotton"
"alain","le bot"
"patrick","villechaise"
"arnaud","devos"
"agnes","maurel"
"damien","chablat"
"wolfgang","ludwig"
"giordano","stefano"
"nathalie","limodin"
"laurent","ponson"
"nathalie","limodin"
"stéphanie","chaillat"
"severine","boyer"
"gianmarco","pinton"
"romain","quey"
"siavash","ghabezloo"
"david","gregoire"
"pasquale","ciarletta"
"sophie","fereol"
"sylvain","gabriele"
"vincent","taupin"
"olivier","macherey"
"lucie","bailly"
"cecile","baron"
"leila","lefebvre"
"jean louis","milan"
"jan bert","flor"
"tatiana","itina"
"jean-françois","muzy"
"fabien","godeferd"
"nathalie","mazet"
"jean pascal","borra"
"christian","tenaud"
"hui ying","wang"
"hervé","muhr"
"anthony","randriamampianina"
"philippe","ben-abdallah"
"christophe","dumouchel"
"patrice","peyre"
"alain","ponton"
"claire","albasi"
"frederic","plourde"
"abdul","barakat"
"svetlana","starikovskaya"
"teodor","burghelea"
"kremena","makasheva"
"sylvain","lardeau"
"gabi daniel","stancu"
"philippe","meliga"
"yann","chalopin"
"maria eletta","negretti"
"thomas","gries"
"aurore","naso"
"michael","berhanu"
"jean-philippe","torre"
"daniel","fuster"
"yannick","hallez"
"corinne","duluard"
"holger","homann"
"isabelle","bonnet"
"ludovic","charpentier"
"lucie","bailly"
"carine","guivier-curien"
"pietro marco","congedo"
"etienne","ahusborde"
"pippo","fulano"
"benjamin","erable"
"benoît","degrenne"
"bertrand","donnio"
"jean francois","lutz"
"marie-therese","charreyre"
"karine","anselme"
"julian","oberdisse"
"pierre","nassoy"
"franck","artzner"
"véronique","schmitt"
"pierre","sens"
"min hui","li"
"anatoli","serghei"
"andré","estevez-torres"
"françois","detcheverry"
"cécile","dalle-ferrier"
"aymeric","leray"
"joan","vignolle"
"thierry","mora"
"timo","betz"
"cécile","bouilhac"
"yohann","guillaneuf"
"benjamin","abecassis"
"emilie","pouget"
"issei","otsuka"
"jeanne","crassous"
"didier","gigmes"
"marc","mauduit"
"stephane","pellet-rostaing"
"jean-marc","vincent"
"robert","pascal"
"patricia","vicendo"
"olivier","siri"
"laurence","grimaud"
"uwe","hahn"
"julien","massue"
"benoît","liegault"
"gilles","lemiere"
"anton","granzhan"
"vincent","coeffard"
"andrei","corbu"
"christophe","duplais"
"jérôme","vachon"
"guillaume","vives"
"margarida","costa gomes"
"carole","duboc"
"emmanuelle","dubois"
"frederic","gloaguen"
"jean louis","heully"
"françoise","delbecq"
"celine","frochot"
"julia","chamot-rooke"
"torsten","herrmann"
"ilaria","ciofini"
"marie laure","bocquet"
"panaghiotis","karamanis"
"oleksandr","oliynyk"
"christophe","gourlaouen"
"maylis","orio"
"laurent","bouffier"
"christelle","gautier"
"jérôme","fortage"
"benjamin","bouvier"
"emilie","bosse"
"silvia","stumpf"
"véronique","pitchon"
"thierry","pauporte"
"maury","olivier"
"christophe","faulmann"
"nadine","essayem"
"lucien","saviot"
"narcis","avarvari"
"svetlana","lazarova mintova"
"stephane","bellemin-laponnaz"
"pavel","afanasiev"
"karine","philippot"
"jolanda","spadavecchia"
"ahmed","naitabdi"
"pierre antoine","bouit"
"aude","demessence"
"guillaume","laurent"
"aline","nonat"
"fabrice","salles"
"damien","aureau"
"maria rosa","axet marti"
"mathieu","tschan"
"özlem","sel"
"jean philippe","dacquin"
"ksenia","parkhomenko"
"fabrice","gourbilleau"
"emmanuel","flahaut"
"valerie","paul-boncour"
"stephane","cordier"
"elisabeth","blanquet-nicolas"
"olivier","mentre"
"francois","weill"
"charles-andré","gandin"
"dominique","mangelinck"
"salvatore","miraglia"
"marie-france","barthe"
"guillaume","geandier"
"manuella","cerbelaud"
"stuart","miller"
"carlos","miro sabate"
"david","portehault"
"frédéric","sauvage"
"jenny","tellier"
"mikhael","bechelany"
"vincent","consonni"
"jérémie","margueritat"
"jean françois","hernandez"
"regis","daniel"
"jerome","boisbouvier"
"béatrice","golinelli-pimpaneau"
"carole","chaix-bauvais"
"catherine","belle"
"verena","poinsot"
"lioubov","tchertanov"
"pascal","demange"
"didier","stien"
"isabelle","landrieu"
"jean marc","escudier"
"fabio","sterpone"
"claude","nogues"
"julie","bouckaert"
"cyril","dominguez"
"gilmar","salgado"
"cyrille","sabot"
"célia","bonnet"
"cyril","nicolas"
"cécile","herve"
"christine","carapito"
"nicolas","delsuc"
"albane","le maire"
"marco","cecchini"
"arnaud","huguet"
"francois patrice","ferron"
"gilmar","salgado"
"kyu ho","park"
"eric","quemerais"
"piercarlo","bonifacio"
"corinne","charbonnel"
"jean gabriel","trotignon"
"claire","moutou"
"jean philippe","bernard"
"jean-philippe","beaulieu"
"alessandro","boselli"
"pierre-alain","duc"
"patrick","michel"
"stéphane","colombi"
"peter","wolf"
"christian","mazelle"
"sebastien","peirani"
"jérôme","ballot"
"xavier","bonfils"
"alexis","rouillard"
"alessandro","retino"
"sebastien","hess"
"emmanuel","hugot"
"pasquier","noterdaeme"
"sandrine","vinatier"
"julien","grain"
"rosario","brunetto"
"geoffroy","lesur"
"evelyne","alecian"
"kalliopi","dasyra"
"bernard","bourdon"
"gleb","pokrovski"
"jean-francois","ritz"
"laurence","jouniaux"
"thierry","alboussiere"
"mark","wieczorek"
"manuel","pubellier"
"fabrice","brunet"
"marc-andre","gutscher"
"pascale","benezeth-gisquet"
"pete","burnard"
"shantanu","keshav"
"guillaume","dupont-nivet"
"romain","amiot"
"nadege","hilairet"
"anthony","sladen"
"yves","marrocchi"
"guillaume","morard"
"sylvain","bernard"
"olivier","devauchelle"
"elise","nardin"
"francois","forget"
"florent","lyard"
"elsa","cortijo"
"gerhard","krinner"
"marina","levy"
"sandrine","bony-lena"
"philippe","forget"
"jean-baptiste","renard"
"sabine","schmidt"
"christian","grenz"
"franck","lefevre"
"catherine","leal"
"francesco","d'ovidio"
"barbara","noziere"
"stephanie","jacquet"
"catherine","rio"
"yevgeny","derimian"
"emma","michaud"
"xavier","fain"
"melilotus","thyssen"
"eric","dufrene"
"sandrine","anquetin"
"laurent","chauvaud"
"jean luc","michelot"
"francoise","nerry"
"ginette","saracco"
"philippe","choler"
"angia sriram","pradeep ram"
"brian","chase"
"julien","cucherousset"
"elena","ormeno lafuente"
"julien","boe"
"sonia","kefi"
"elisa","thebault"
"elise","rotureau"
"laurent","longuevergne"
"leah","beche"
"xavier","morin"
"simon","gascoin"
"marc","ruff"
"christophe","grangeasse"
"marc","boudvillain"
"marie-josèphe","giraud-panis"
"hervé","moine"
"corinne","dupuy"
"sylvie","rimsky"
"carine","tisne-vicrobeck"
"francoise","dantzer"
"marc","aumercier"
"jean christophe","paillart"
"barbara","schoepp-cothenet"
"carlo","petosa"
"laurent","terradot"
"berengere","ize"
"nicolas","joly"
"olena","pylypenko"
"julien","bischerour"
"michael","plevin"
"chloe","zubieta"
"stephane","roche"
"alexander","myasnikov"
"alexey","aleksandrov"
"elodie","monsellier"
"vincent","pages"
"pauline","dupaigne"
"leandro","farias estrozi"
"pierre-pol","liebgott"
"benjamin","chagot"
"terence","strick"
"josé arturo","londono-vallejo"
"antonin","morillon"
"patricia","kannouche"
"agnes","delahodde"
"robert","schneider"
"robert","weil"
"stephane","emiliani"
"corinne","cassier-chauvat"
"ali","hamiche"
"vladimir","chevtchik"
"pierre-antoine","defossez"
"estelle","duprez"
"gael","yvert"
"julie","thompson"
"manolis","papamichos-chronakis"
"bernd","schuttengruber"
"stéphane","coulon"
"josée","guirouilh-barbat"
"dominique","helmlinger"
"christelle","cayrou"
"denis","dupuy"
"julien","bischerour"
"emanuele","biondi"
"vanessa","gobert"
"grégory","eot-houllier"
"david","lleres"
"pierre","marques mandin"
"marta","kwapisz"
"benjamin","barre"
"marina","pinskaya"
"laurent","chatre"
"denis","chretien"
"danielle","blondel"
"denis","furling"
"sylvie","tournier"
"andrea","cimarelli"
"agathe","subtil-sands"
"sandrine","etienne-manneville"
"daniel","brethes"
"patricia","renesto audiffren"
"thomas","surrey"
"axel","magalon"
"nadia","naffakh-hulot"
"izabela","sumara"
"vincent","vanoosthuyse"
"isabelle","vergne"
"nolwenn","jouvenet"
"corinne","loeuillet"
"cyril","boyault"
"emilia maria francesca","mauriello"
"lydia","danglot"
"jose juan","lopez-rubio"
"laetitia","mazelin bowyer"
"vincent","chaptal"
"aurélie","rossin"
"benjamin","barre"
"rosa","cossart"
"nicolas","le novere"
"flavio","maina"
"ahmed amine","khamlichi"
"martin","villalba gonzalez"
"christian","gaiddon"
"stephane","manenti"
"anna","castro"
"anne laurence","boutillier"
"philippe","blache"
"fabienne","meggetto"
"david","digregorio"
"dimitris","xirodimas"
"olivier","ayrault"
"nicolas","cenac"
"marie cecile","michallet"
"emmanuel","laplantine"
"myriam","roussigne"
"vincent","feuillet"
"romain","roncagalli"
"bruno","martin"
"erwan","mortier"
"alice","meunier"
"aubin","penna"
"anne","dejean"
"carmelo","luci"
"francois-xavier","hubert"
"ilaria","cascone"
"alain","lacampagne"
"sophie","demolombe"
"patrick","carroll"
"catherine","brenner jan"
"santiago","rivera"
"myriam","cayre"
"matteo","mangoni"
"laurent","sachs"
"frédéric","bost"
"laurent","loufrani"
"bruno","vincent"
"helene","marie"
"christina","zeitz"
"nathalie","mazure"
"karim","benchenane"
"veronique","andre"
"said","kourrich"
"karim","benchenane"
"daniela","popa"
"céline","marionneau"
"audrey","carriere-pazat"
"christmann ipek","yalcin"
"david","romano"
"raphaelle","pardossi-piquard"
"fabienne","agasse"
"ludovic","tricoire"
"fiona","francis"
"serge","plaza"
"laurent","fasano"
"laurent","kodjabachian"
"sakina","mhaouty-kodja"
"olivier","haccard"
"christophe","arnoult"
"nadine","peyrieras"
"alexander","ereskovsky"
"jacek","kubiak"
"krzysztof","rogowski"
"raphael","margueron"
"frederic","bienvenu"
"constandina","arvanitis"
"stefano","tiozzo"
"tristan","lefebure"
"charlotte","grimaud"
"bruno","monier"
"fabien","le grand"
"marie","castets"
"juliette","mathieu"
"isabelle","becam"
"olivier","pascalis"
"etienne","save"
"christine","deruelle"
"jean","blouin"
"nicolas","vibert"
"joseph","mcintyre"
"barbara","tillmann"
"fabienne","aujard"
"odile","petit"
"éric","castet"
"pierre","pouget"
"karen","davranche"
"grégory","barriere"
"lucas","lecourtier"
"robert","guetig"
"bjørg elisabeth","kilavik"
"boris","gourevitch"
"bénédicte","ballanger"
"jean baptiste","durand"
"valerie","dufour"
"christmann ipek","yalcin"
"fabrice","sarlegna"
"christophe","lopez"
"susanna","pietropaolo"
"carmela","giglione"
"andreas","niebel"
"denis","faure"
"sébastien","mongrand"
"florian","frugier"
"clare","gough"
"christian","mazars"
"anja","liszkay"
"jean philippe","reichheld"
"lionel","navarro"
"gwyneth","ingram"
"séverine","lorrain"
"chloe","zubieta"
"sandrine","ruffel"
"antoine","martin"
"jacinthe","azevedo"
"alexandre","berr"
"juliette","jouhet"
"benjamin","gourion"
"sylvain","raffaele"
"mikhail","shchepetilnikov"
"philippe","deschamps"
"marie","boudsocq"
"frédérique","viard"
"fabrice","vavre"
"sylvain","gandon"
"dominique","joly"
"christophe","guinet"
"david","gremillet"
"christine","paillard"
"michel","laurin"
"tom","van dooren"
"vincent","castric"
"david","biron"
"frank","schurr"
"antoine","louchart"
"etienne","patin"
"frederic","angelier"
"philippe","deschamps"
"sébastien","lion"
"julien","cote"
"joachim","claudet"
"violaine","llaurens"
"jerome","murienne"
"amir","yassin"
"laurent","prezeau"
"may catherine","morris"
"antoine","kichler"
"heidy","schmid-antomarchi"
"franck","molina"
"sharon lori","bridal"
"laurence","lafanechere"
"said","ghandour"
"angèle","viola"
"marc","dhenain"
"marc","bartoli"
"christophe","girard"
"bernard","masri"
"cyril","auger"
"nathalie","tarrat"
"rémi","mounier"
"olivier","couture"
"nicolas","jonckheere"
"franck","andre"
"max","langer"
"aymeric","leray"
"laurent","koessler"
"sophie","fereol"
"dominique","marguerie"
"patrice","meniel"
"vincent","jomelli"
"dominique","gommery"
"nicole","limondin-lozouet"
"sophie","mery"
"nicole","chapuis lucciani"
"catherine","orliac"
"jean daniel","forest"
"laure","salanova"
"lionel","gourichon"
"william","rendu"
"gwenaëlle","goude"
"robin","bendrey"
"helene","jousse"
"rémy","crassard"
"caroline","hamon"
"guillaume","porraz"
"lamya","khalidi"
"caroline","renard"
"stéphane","mazieres"
"xavier","bodin"
"caroline","robion-brunner"
"enguerran","macia"
"lamya","khalidi"
"jean baptiste","mallye"
"erwan","messager"
"pippo","fulano"
"christophe","thiers"
"vincent","deroche"
"philippe","lanos"
"véronique","francois"
"claire","maitre"
"vincent","jolivet"
"isabelle","draelants"
"dominique","tardy"
"corinne","debaine-francfort"
"anne","schmitt"
"ivan","guermeur"
"dominique","stutzmann"
"sandrine","elaigne eyango"
"julien","aliquot"
"jérémie","schiettecatte"
"guillaume","sarah"
"elise","voguet"
"delphine","isoardi"
"djamila","fellague"
"hervé","joly"
"frédérique","lemerle pauwels"
"bruno","dumons"
"marie emmanuelle","chessel"
"pierre-jean","luizard"
"alessandro","stella"
"francine-dominique","liechtenhan"
"vincent","viet"
"m'hamed","oualdi"
"jeremie","koering"
"camille","lefebvre"
"simon","icard"
"malika","rahal"
"juliette","guilbaud"
"claudine","chamoreau"
"martine","adda-decker"
"yvette","mathieu"
"thierry","nazzi"
"sharon","peperkamp"
"nabil","hathout"
"emmanuel","chemla"
"jean","sibille"
"dmitry","idiatov"
"asaf","bachrach"
"fabienne","martin"
"philippe","buttgen"
"catherine","jami"
"damien","colas"
"pascal","crozet"
"nathalie","mauriac dyer"
"jean-marc","hovasse"
"francesco","furlan"
"jean-louis","labarriere"
"grégoire","chamayou"
"christian","sommer"
"valérie","cordonier"
"stéphane","zekian"
"solveig","serre"
"caroline","ehrhardt"
"claude","rosental"
"michel","dubois"
"roland","lardinois"
"blandine","destremau"
"marthe","stefanini"
"lilian","mathieu"
"marcela","iacub"
"florent","champy"
"anne","monjaret"
"marc","bessin"
"herve","glevarec"
"franck","poupeau"
"kathia","martin-chenut"
"florence","bergeaud-blackler"
"nicolas","henckes"
"bénédicte","lavaud-legendre"
"sebastien","michon"
"séverine","sofio"
"violaine","girard"
"léonie","henaut"
"thibault","gajdos"
"michael","visser"
"mathilde","maurel"
"nathalie","lazaric"
"hervé","leleu"
"jean","imbs"
"jeanne","hagenbach"
"lætitia","placido"
"stéphane","zuber"
"julien","grenet"
"brice","corgnet"
"catherine","choron-baix"
"elisabeth","alles"
"jean bernard","ouedraogo"
"carmen","salazar-soler"
"patrick","gaboriau"
"martine","hovanessian"
"michel","naepels"
"marie","lecomte-tilouine"
"alain","morice"
"danouta","liberski-bagnoud"
"nathalie","luca-dangles"
"jacques","ivanoff"
"carole","ferret"
"nicolas","sihle"
"baptiste","buob"
"yannick","fer"
"laurent","pordie"
"priscille","touraille"
"elizabeth zoé","headley"
"christine","lauriere"
"thierry","ramadier"
"didier","josselin"
"jacques","lolive"
"daniel","bley"
"pascal","marty"
"william","berthomiere"
"olivier","pliez"
"aurélie","varrel"
"julien","rebotier"
"julie","vallee"
"olivier","labussiere"
"lucine","endelstein"
"anne","sourdril"
"laurent","godet"
"marie-anne","germaine"
"sophie","wahnich"
"martine","kaluszynski"
"antoine","vauchez"
"alain","faure"
"bruno","palier"
"pierre","francois"
"sophie","dubuisson-quellier"
"malika","zeghal"
"laure","bereni"
"julie","gervais"
"sarah","gensburger"
"etienne","penissat"
"julie","pagis"
"nicolas","fischer"
"julie","gervais"
"elisabeth","gibert"
"etienne","ruellan"
"sacha","kallenbach"
"pippo","fulano"
"natalia","grabar"
"claire","secail"
"jean-baptiste","comby"
"céline","coutrix"
"elena","pasquinelli"
"leonard","laborie"
"marie pierre","pouly"
"melanie","dulong de rosnay"
"valérie","schafer"
"jean","foyer"
"grégoire","molinatti"
"michael","filhol"
"natalie","snoeren"
"marie","chagnoux"
"herve","isambert"
"julie","thompson"
"aurelie","edwards"
"anne","siegel"
"pippo","fulano"
"phuong","nguyen"
"olivier","rivoire"
"juergen","reingruber"
"mathieu","coppey"
"pierre olivier","mari"
"thomas","broquet"
"fabio","pardi"
"laurence","calzone"
"doris","gomez"
"chunlong","chen"
"anais","baudot"
"fabio","pardi"
"leandro","farias estrozi"
"alexandre","dufour"
"aleksandra","walczak"
"pascale","milani"
"rhoda","hawkins"
"lyle","graham"
"paul","tchenio"
"éric","castet"
"isabelle","viaud-delmon"
"carol","madden"
"robert","guetig"
"mehdi","reguigne-khamassi"
"magalie","ochs"
"marc","mace"
"véronique","boulenger"
"asaf","bachrach"
"maeva","garnier"
"natalie","snoeren"
"luc","doyen"
"jean-michel","salles"
"yildiz","thomas-aumeeruddy"
"alain","nadai"
"guillaume","besnard"
"brian","chase"
"benoît","clavel"
"elena","ortu"
"fazia","ali-toudert"
"pippo","fulano"
"hélène","morlon"
"fabio","pardi"
"pippo","fulano"
"caroline","habold"
"christophe","lucas"
"isabelle","ruin"
"françois","de vleeschouwer"
"valérie","gateau"
"adeline","barnaud"
"melanie","pruvost"
"joachim","claudet"
"laetitia","hedouin"